user_id,username,password,email,role_id
1,Derron,aA0.@+Mx3Z6\gLSl,dprofit0@ning.com,2
2,Fannie,tY2~@`yq@4~j?,fdurling1@newsvine.com,1
3,Glyn,"jZ4/Am%!,",ggallant2@examiner.com,2
4,Skippy,aD1(!ZWtw''Y~0,sfacchini3@goo.gl,2
5,Gabriell,yL5#yqs+*X4r,groughley4@google.de,2
6,Phil,vV9}7Xj<P#>u,phatterslay5@google.nl,2
7,Wendy,sJ2/H|4Ec<J>0b!,wscollard6@theglobeandmail.com,1
8,Shell,hY9)JZ0c37yX5,ssproule7@google.com.au,1
9,Sawyer,rH3#&g3/,sfranzel8@wordpress.org,2
10,Joelly,iX1(mThsy\G.P~',jcleobury9@tiny.cc,1
11,Tirrell,"fQ1,LXX/5E,{(}",tfackrella@51.la,2
12,Norah,yH8!!SXO,nshotboltb@mlb.com,1
13,Alister,vM5'(_1@o5qr<,abouttonc@shinystat.com,1
14,Hersch,aS0.H3Jqh,hweiserd@bloglovin.com,2
15,Lauretta,"nL9,p9t_)",lstrangee@hp.com,2
16,Lea,"mG1+v""VsKjrs""",lclinef@bravesites.com,2
17,Merle,"wV3""JMaf",mchampg@deliciousdays.com,2
18,Arlan,dW0'}7wq,alokierh@umich.edu,2
19,Anastasie,"hL5#uh&@""",adominkai@foxnews.com,2
20,Freemon,wE6_0'`K`,feydenj@360.cn,1
21,Glennie,sJ6+RPxD%k}Ge\6,gdomleok@bandcamp.com,2
22,Sonny,nG8!TaH\DDyP|,sbencel@mit.edu,2
23,Blisse,zG4\ABbf@Pt,bblasgenm@cnbc.com,1
24,Cristabel,hX1.<}@%Hc68i{d,ckyteleyn@de.vu,1
25,Kalina,zO5%byYBtKFsp,kladono@imageshack.us,2
26,Bartram,bI7.fvPS(yR,bhawleyp@rakuten.co.jp,1
27,Georgianne,bE8.hRawO/&<K8L,grundleq@4shared.com,1
28,Chancey,rL1*n5*C,cchurchlowr@comsenz.com,2
29,Kimberli,sF0+Lqu'qNO,kcliburns@theguardian.com,1
30,Rozamond,cV6\qGa}8&`zMY,rbuckleet@4shared.com,2
31,Channa,"nU8`Mq?z8""0R4",cavarneu@nps.gov,2
32,Ulysses,vU2\da*M/0r,uetonv@jimdo.com,2
33,Darrell,oM3<=b_SSUr4`b*,dgeillierw@simplemachines.org,1
34,Arri,oF4$yp?3I1w,aomarkeyx@barnesandnoble.com,2
35,Lindi,mU8~t@z=/,ldavidescuy@dailymail.co.uk,2
36,Shelley,oC5{q56GA_,syansonz@ed.gov,2
37,Aimee,cH2%Nmtd%,ahambers10@economist.com,1
38,Hale,oO9.k<6C,hkunzelmann11@free.fr,2
39,Gaylord,vH3!iW6#.Eoe,gbusher12@eepurl.com,2
40,Eric,tV9\X%72n0a6v44,ehammarberg13@shareasale.com,2
41,Christiano,tG8'hLw11Pf(}m,cwisniewski14@typepad.com,2
42,Jean,qW4/BLE}t1`tx~P,jpine15@unc.edu,1
43,Pamella,gX7)&!(vsDoL,pklemz16@nhs.uk,2
44,Aura,xG2&gep)ua,awinn17@google.com.br,2
45,Lucille,aK5!ir)bNl,lmorson18@sina.com.cn,2
46,Elliot,"oA5""pTA$J8",epalfreyman19@cpanel.net,1
47,Garth,rM6_oeq$d8,gandrosik1a@issuu.com,1
48,Wallache,bO8?+)H.\C+S,wpolfer1b@tinypic.com,1
49,Melisa,gJ2.SHoGN9,mfreestone1c@sohu.com,1
50,Carma,"kV9,C&Mt",csimnel1d@ihg.com,2
51,Kiri,"fM0+zNKk61c""",kshirley1e@ezinearticles.com,2
52,Laurens,"hF7""tvsqsQ",lburdess1f@printfriendly.com,2
53,Garold,kC8)R?84ply0,ganstee1g@latimes.com,2
54,Baldwin,pH2\&NU38,bbentsen1h@ask.com,1
55,Jonis,gJ4*Jn0u'g{q>7R,jconti1i@wikispaces.com,2
56,Alessandro,aR1'uSWRwh).X,akrabbe1j@cbc.ca,2
57,Nelli,tR3%t61JsCS9vi,nshelvey1k@gizmodo.com,2
58,Gerhardine,"kN0@kE9,,2c90_U",gvanyushin1l@4shared.com,1
59,Deonne,rI2\`R_x5f,dlashmore1m@goo.ne.jp,2
60,Tulley,tD1(Z|(oCc1WI,tdunkerley1n@51.la,2
61,Sheffie,"kT6$HgWK,2IBOP",saucutt1o@noaa.gov,2
62,Filippo,sT9~J__WS,fmantz1p@pcworld.com,2
63,Freddie,yH7@qzPrQIpQA,fpacitti1q@seesaa.net,2
64,Thorny,"qA0_0qq3""q2,|D{",tgummary1r@jugem.jp,2
65,Field,"dN5,k*'w}t`RV7T",fcraigheid1s@washington.edu,2
66,Reider,bL2}yw%q89ZJhp2,rpaolazzi1t@baidu.com,1
67,Brynn,"zT5""?9x@,?K`NPV",bcluely1u@nbcnews.com,2
68,Betsey,"cQ3""ueP?.P9",bsleet1v@uol.com.br,2
69,Fredi,pN4)nOEK,fmceniry1w@un.org,1
70,Errol,bR1+$bqhJJJeeKu,ekondratowicz1x@state.tx.us,2
71,Devland,qA0{HGMN.}),dsamsonsen1y@upenn.edu,2
72,Leesa,"tL5}KUVtNL""+Za",lavis1z@1688.com,2
73,Terrell,"gK8/$""Yu0",tstrachan20@creativecommons.org,1
74,Laney,pS1}nzK+=Yh0N},lcovey21@house.gov,2
75,Benton,tA4*1{N9/m~T#iwU,bankers22@amazon.de,1
76,Lorita,"pH4,(%d@",lpryce23@comcast.net,2
77,Rowena,"kZ0&},FYg>fK",rbruggen24@uiuc.edu,1
78,Wolfie,"gM0.)S)C{&~L*""G",wsimoens25@slate.com,1
79,Stefanie,mI4/t?jGB!,spollie26@bloglines.com,1
80,Eachelle,xE6$$(a?)~Dyo,epalleske27@creativecommons.org,2
81,Tristam,wC0{Q<.b@CDB>t,tmiche28@slideshare.net,2
82,Igor,bA3+W{$N)}\)h9@,ishepard29@senate.gov,2
83,Rycca,uZ1>%S\<h`3%?,rchampken2a@plala.or.jp,2
84,Kristopher,"oY3?%`=X3?k'""Wh",kbustin2b@twitter.com,2
85,Maureen,nV4$foQrQ\,mfarncombe2c@4shared.com,2
86,Cart,"qN1`""&F%GQ(cgI",cbehn2d@ebay.co.uk,2
87,Leontine,yR0_R~M#\?W,lyoskowitz2e@bloglines.com,1
88,Nadean,vG9<${l)qp,nbetje2f@fastcompany.com,2
89,Tracey,xN7)w_79IbQ!j},traith2g@unblog.fr,1
90,Violante,zY2|'/1wslO#WIG`,vbigmore2h@noaa.gov,2
91,Jessika,hS5.\.=|y/h,jfreezor2i@arizona.edu,2
92,Elysha,tL1|OW2DwB@e,emorling2j@godaddy.com,2
93,Trenna,nC7)qUjSV+>,tgwillym2k@mac.com,2
94,Ted,hI6>wx05y),tgimbart2l@over-blog.com,2
95,Lita,dH5=/sC#(qg,lmcnelis2m@bluehost.com,2
96,Cathie,iW5}8`Yhp,cradin2n@irs.gov,2
97,Abagael,nR7}D2vD,abrimm2o@abc.net.au,2
98,Tony,xE4(AT.U,tmacy2p@etsy.com,1
99,Grange,qO6!<8op?jN1'JB,gmccree2q@yahoo.co.jp,2
100,Bebe,iO3@ndA!JHYG6fX,bnilles2r@china.com.cn,2
101,Bealle,eN9</O*NI#,bfolli2s@shareasale.com,2
102,Hoebart,"bH9|Yo""{_k}e",hzuann2t@hhs.gov,1
103,Elna,lQ5*i$$z1Hsksl,eboyd2u@unicef.org,2
104,Rip,jB4.1\s4)WiS\?r#,rcalow2v@unicef.org,1
105,Nikaniki,"mS5?,0Wz(.hi",nlarimer2w@moonfruit.com,2
106,Gilemette,aB3+=96GuzK$,ghuxter2x@cam.ac.uk,2
107,Kleon,jO7$khB)4,kvidgeon2y@pinterest.com,1
108,Ker,jG6#%9B%7$,koby2z@timesonline.co.uk,2
109,Appolonia,kX3(?se89IjtN,agrahamslaw30@e-recht24.de,2
110,Lauryn,zH5+lJq&Z,lroxbee31@independent.co.uk,2
111,Saudra,fX1$q5'@UF.T,sdevenny32@simplemachines.org,2
112,Walker,mO0(4l&QGB>2X,wphidgin33@cam.ac.uk,2
113,Judas,yW2`4L3uElG)Y,jcoolson34@alexa.com,2
114,Marcel,tQ7'\gfAIt5|%,mwaplington35@nyu.edu,1
115,Aldwin,uH8!U2Y+h,adumbrall36@cisco.com,1
116,Dewain,nR8`kvuODq@e0wf@,dlube37@themeforest.net,2
117,Carlene,"sV0""r4so9",cditchett38@addtoany.com,2
118,Hetty,hL6>BZB9+{$J,hmackim39@clickbank.net,2
119,Carver,lS6@St>DBu`~D9,ckibbye3a@indiegogo.com,2
120,Sherrie,jH9}Vz&t?%,sdowall3b@purevolume.com,2
121,Farah,dE0{y.uV0/rO0uA*,fjemmison3c@springer.com,2
122,Pete,sR8=Ktnp!8p,pgourdon3d@nih.gov,2
123,Stavro,tF5{Kz.1SS)sRE6@,shassard3e@addthis.com,2
124,Fawn,bL3.aPXRE4vz,fnoden3f@eepurl.com,1
125,Jarred,rS7`GT(C$|Gdn.,jneller3g@wikia.com,2
126,Elvis,"zX0(v,F|Neqw*l.",egraser3h@behance.net,2
127,Reilly,"lU1%?lZ&>!,",rbrandenberg3i@ebay.com,1
128,Brett,iL9{<+FS,bfiles3j@pcworld.com,1
129,Taryn,dK4{Bq2$p0>0&iO,tyarrow3k@si.edu,2
130,Annmaria,nH1)!Vy&}MeuuE,aroughsedge3l@uiuc.edu,1
131,Cristobal,"vY6(G7/9%,W|C`S",ccurme3m@npr.org,2
132,Petronilla,pS0.&VWq4!9\rw|,pwrey3n@facebook.com,2
133,Verine,wE6}1qot,vbrookfield3o@cocolog-nifty.com,2
134,Malissa,tD5?`NI9imQ,mpiggot3p@123-reg.co.uk,2
135,Bernardo,hN4%I{Al(HbzQ\,breilinger3q@gmpg.org,1
136,Ruthe,zS8|@XCXBx/ol>y,rburcombe3r@gnu.org,2
137,Zared,"bR4<,<=<LRYM",zshirtcliffe3s@ihg.com,1
138,Andres,gN1?Kn.CQcaFHi,acornewell3t@altervista.org,1
139,Nadine,"qB1""Z#uT!Z",ndelcastel3u@wsj.com,2
140,Serene,wW7&oa.\{2,sface3v@deviantart.com,1
141,Lucretia,"iE7|QT`,1H*C?\J",lcromleholme3w@goodreads.com,1
142,Read,vF7&k!&%3e,rchastel3x@blogger.com,2
143,Cesaro,fM6~oCHx,clethebridge3y@topsy.com,2
144,Gearard,wK7<#/w5$pu}BtB=,gpaulino3z@qq.com,1
145,Carlin,tO5*Y*)D?=,cbothram40@wikia.com,2
146,Carmencita,cB7'uF\@D,cluna41@chronoengine.com,2
147,Rhodie,wQ3+~w3g>e,rcobson42@archive.org,1
148,Karina,jK5.r%d<fV~}>,ktenpenny43@mediafire.com,2
149,Carney,"jN4>m(vs!KT>,+P|",cgrishakin44@nymag.com,2
150,Sayers,kY5%SSwC?F\@}S,slampl45@nymag.com,1
151,Alphonse,gE0>&2d$e%e+Qrs,atorricella46@zdnet.com,1
152,Modesty,wT6?(I4pt7c(,mcorstorphine47@php.net,1
153,Ginger,wW6#creN0s'|P_)$,gyateman48@newsvine.com,1
154,Lizabeth,cK9&WrJ|$nG_>T1t,lmansion49@theatlantic.com,2
155,Carmelle,kO0{3*Osvyc,cstendall4a@cmu.edu,2
156,Paige,rQ0`ggDjP8K2fiD@,pdurden4b@paypal.com,1
157,Patton,hY5`5B_cy+}3k,pjeeks4c@g.co,1
158,Rafferty,kZ0{KFhj,rrunnett4d@is.gd,1
159,Krissy,yU8'ismdZ,kbello4e@csmonitor.com,2
160,Retha,uE4@4<JZf,rwyness4f@google.nl,2
161,Rog,dT3%K&13Zr.&}),rlorenzetti4g@wufoo.com,2
162,Agnesse,hK6=$%(ipMYC2=,apedder4h@skype.com,2
163,Junia,sM2\fOG#,jdowsey4i@reverbnation.com,2
164,Tommie,mC7|c`Ny&,tmulmuray4j@topsy.com,1
165,Mallory,yR8?iki*GW+srk,mranaghan4k@yellowbook.com,2
166,Lolita,"yW2|CB,05m@",lbramall4l@google.com.hk,2
167,Keene,gO7{pf1lR%1,kriddle4m@indiatimes.com,2
168,Freddy,wS4/5f.ho@,fesparza4n@bing.com,2
169,Vincenz,oH7>ppA0,vteasell4o@behance.net,2
170,Linnea,kV6$*PLkyBaq,lharesnaip4p@archive.org,1
171,Ebonee,pM5@aFgh,eprando4q@netscape.com,2
172,Cynthea,sD6{CW{%(K9,chirsthouse4r@wsj.com,1
173,Lazarus,tL5.9)pFw)ypA,lirlam4s@ycombinator.com,2
174,Helenka,kQ6_`DIpBJ&s*L,hgorke4t@cargocollective.com,1
175,Horace,"gR8`l,URf",hhandford4u@theguardian.com,2
176,Zorana,kF5!$svdTKst,zhastewell4v@wufoo.com,1
177,Selby,"nK2<NbIkh""IJ",sdionisi4w@gnu.org,2
178,Sophia,fS4.`OA7,smattheeuw4x@sfgate.com,1
179,Millisent,"xV7,|g6rJ('\`",mboshier4y@nifty.com,2
180,Gabriel,sO5/>&U\,gfallows4z@yandex.ru,2
181,Cissiee,pC1/(}>jD5,cebbin50@surveymonkey.com,2
182,Lissy,vA9/k3/1MX&LQ`PE,lsearson51@gravatar.com,2
183,Willem,hT9{4&{3,wselbie52@who.int,2
184,Cristiano,iI0()IBnW,cpassingham53@xrea.com,2
185,Cyrille,dF1~~u0B,crock54@soup.io,2
186,Dyane,bS8&3#EF)x6W,djeanequin55@go.com,2
187,Auroora,mE5?+a)li,alittle56@webnode.com,1
188,Pauli,"aN1%}Cj""b4EO9u",pblakey57@fda.gov,1
189,Jozef,iH9'L0>bbi=daxTL,jbrevetor58@delicious.com,2
190,Wenda,yW9*s>h'0uLMei,wianizzi59@cnn.com,2
191,Hyacinthia,"eY9~Q,JYoJtbeZ",hroblin5a@a8.net,1
192,Hart,cD2|Nu0`O'#N/U8,hjobbing5b@nytimes.com,2
193,Rock,qK2`fO`SSIMO)A,rwaring5c@salon.com,2
194,Nickolaus,qH8|J2ft8~?qFKF,nalbury5d@1688.com,1
195,Chuck,"mA0<qETLF$.""",cblennerhassett5e@baidu.com,1
196,Jammie,"mY5""6k2f7,",jonoulane5f@adobe.com,2
197,Constantine,jC4_Ll?Bv9,caphale5g@kickstarter.com,1
198,Maxie,pO8#'FUPsns6,mshand5h@jugem.jp,2
199,Beryl,aK2|0qiX,blivett5i@squidoo.com,2
200,Tandi,vO0?gn_ts3i8D*iG,tbergen5j@vimeo.com,2
201,Merrielle,iW2%Q?@CKT,mdalling5k@example.com,1
202,Correy,yA9{$(@}X(a{ta,cpotte5l@phpbb.com,2
203,Moreen,pU5<kuI~\9IIuyU7,msallenger5m@japanpost.jp,2
204,Rowe,zV2((tMG,rpaulack5n@devhub.com,2
205,Lindsey,wG2/hBbBtd/6,lgiacomuzzi5o@nbcnews.com,1
206,Glenine,vN3@YW<0l7\,gpinhorn5p@csmonitor.com,2
207,Wally,bN4<`R<giIHUxA,wbennett5q@shareasale.com,2
208,Gilly,xG1'aB&i}P/O,gforri5r@army.mil,1
209,Howey,zU8)jSNz,hfreestone5s@indiegogo.com,2
210,Liz,yU6>Lrw7ZwUdN&Y,larthy5t@domainmarket.com,2
211,Diannne,"rR7%pYq""""<p)",dwalkowski5u@deviantart.com,1
212,Bailey,bZ4(Q4qzQ,bspurdon5v@redcross.org,1
213,Corella,"oY7,|e/__",ccoate5w@uol.com.br,1
214,Nikolaos,gF0%x''7,nbrookzie5x@ebay.com,2
215,Ollie,"qJ6""5LkM",oarnason5y@nymag.com,2
216,Corella,xQ8\a=Ybemp>F,cwhinney5z@wp.com,2
217,Orren,"bS1=7&V""#",oskelhorn60@eepurl.com,2
218,Elli,zB6.LyVA><k5HIbP,ebrame61@hatena.ne.jp,2
219,Adam,mJ7<3=kc|ZF(,areadings62@chicagotribune.com,2
220,Horst,lQ4(|O&e??'c2>,hridout63@time.com,1
221,Maximo,"aD0""biPDd1`#nycZ",mmeeron64@godaddy.com,2
222,Josee,xK7.3q0sSYb6Z4T+,jstopps65@abc.net.au,2
223,Aguie,"wM8'm%4Nv8,qcBC",aquinnell66@xing.com,2
224,Trish,kW4+Y}_?hg7Y$rw<,tberendsen67@pagesperso-orange.fr,2
225,Trevor,rI1_WJ?+MwR0P%1,tzoellner68@cisco.com,2
226,Bear,vK3(b_8hVW\,bmatthius69@ycombinator.com,2
227,Issiah,nU4)6age7,isalmen6a@indiatimes.com,1
228,Mano,mZ7`C+/m{K@pWP,mdalzell6b@comsenz.com,2
229,Kimble,"bQ1,T9d,e1l9O",kcalder6c@comsenz.com,1
230,Alvira,jV6''ty\t87Jf=s~,atween6d@domainmarket.com,2
231,Quinton,"jR8&x(>*g#r,6B",qsilber6e@acquirethisname.com,2
232,Carlynne,"qI3\h,EF8%",cleve6f@ed.gov,2
233,Darcie,jB8+{l2oig74yY4,dsearson6g@pagesperso-orange.fr,2
234,Dania,yZ8=WlKCM4,dwild6h@ebay.com,2
235,Othilie,dB7>26\jU+p2,ojuszczak6i@bluehost.com,2
236,Jared,eS7**=nCr',jstivers6j@youku.com,1
237,Maribeth,rK3>Tp6!P~gfBw,mpreddy6k@nba.com,2
238,Sonya,"sW4,XZbH",sgrise6l@nasa.gov,1
239,Ware,jM7?&$PC@hgK1+%w,wrubert6m@ovh.net,2
240,Lief,cR9?uG`w,lferrie6n@nytimes.com,2
241,Allistir,uM1!Gk>~g)kXe,acaneo6o@ed.gov,2
242,Evyn,cQ4*cd%7N_%?M,evanwaadenburg6p@studiopress.com,2
243,Madonna,"qC7~C""FiYs3",mmcgaughie6q@amazonaws.com,2
244,Yasmeen,vZ2*A4Di#53{Y#,ymidner6r@home.pl,2
245,Ludvig,lE8>MosFjt_#DM\',lpeet6s@furl.net,2
246,Wain,"cX3""gpgwVG@",wpackwood6t@howstuffworks.com,2
247,Abeu,sW1'IKKffsH,agiannazzo6u@google.com.br,2
248,Ceil,hX2<Ri{0D_meGu,cantyukhin6v@sbwire.com,2
249,Karly,"kL2_X(|,<e+D",kstreatfield6w@skyrock.com,2
250,Osbourne,tO2!pp|MUkN||2,obaumert6x@cisco.com,1
251,Darryl,lD6'kmmSlh,ddarrigo6y@yale.edu,1
252,Rachel,"oO9)cq,R|",rhegge6z@japanpost.jp,2
253,Krishna,qJ8'1CkQAM1yuFp,kcharlson70@blogger.com,2
254,Ronny,mR4@cujsMVi90,rlowin71@vk.com,2
255,Marga,hG5~DT8e,mleftly72@istockphoto.com,2
256,Free,"tX7{""LFq,6h{J/V",fenser73@archive.org,2
257,Pauli,"dO6=z@""3Y",pcarnow74@lycos.com,1
258,Roby,"tT8@5%'q3X+""sSe9",rhaskett75@businessweek.com,2
259,Mortimer,lL0>K&YLfo5</&Ym,mostrich76@msn.com,1
260,Amos,fK4'LA%@TBPn,aterry77@alibaba.com,1
261,Wenona,qD7)jv+K8E!Fv,wbranchet78@github.com,1
262,Joe,rU6#FPM@)(}2++,jdicarli79@stanford.edu,2
263,Randy,cH3*v)Sux_*Dn,rimos7a@upenn.edu,2
264,Mariya,"hX7(g9""""<S}<aM7",mjakovijevic7b@bigcartel.com,2
265,Mair,wL4\{d(/AIPrS<o,mstrettell7c@buzzfeed.com,2
266,Bertine,sV8?j@+EY~Ud,bthurman7d@weibo.com,2
267,Emalia,"hO9,.Uj""_U",epargeter7e@pinterest.com,1
268,Hamish,wR1>=yo%(I,hskelhorne7f@hexun.com,2
269,Trudie,eS1(LLuMbQbI,tmorrice7g@last.fm,2
270,Kermy,qU2'=oSxL.#nDr,kranking7h@tumblr.com,2
271,Berke,mY0'>VLX5W@rV6'O,bmillion7i@adobe.com,2
272,Olwen,gL7+Nz~w5&{fXL,oklicher7j@hexun.com,2
273,Modesta,zM1*r\|L{J8Q,mphethean7k@free.fr,1
274,Casey,"sU6!""0HO",csumnall7l@webs.com,2
275,Eadmund,"kB1*!Xn""2z<",eartis7m@jalbum.net,2
276,Geoffry,hN4!qqUCii,glooks7n@toplist.cz,1
277,Fields,pJ1!*87p>5C*)S,fstickels7o@aol.com,2
278,Gaultiero,xM3)%0Sxc|h0q_)f,gculpan7p@vk.com,2
279,Frederik,mI6$#sxP,floukes7q@canalblog.com,2
280,Kitty,"rE1>}#%Z,)/",kdurbyn7r@printfriendly.com,1
281,Annabela,pK7*L&!g4<x}e6,abrockest7s@addthis.com,1
282,Franny,eV5<Arpkr.q,fswatland7t@cnn.com,2
283,Nona,lD8%}zc(@g+<+#,nbergin7u@mlb.com,1
284,Meagan,tA7{Y\>oC4f\,mbugg7v@studiopress.com,2
285,Davie,dU5$if)xFd8pA&,dcaves7w@furl.net,1
286,Fayth,qB9(tdXR(FQ,fpeal7x@meetup.com,2
287,Melli,cA4<O0DUCN?,mkamiyama7y@booking.com,2
288,Barbey,mN6`$SYWJ.c,bagastina7z@state.tx.us,1
289,Nevil,uH0~SU}x,nreyson80@devhub.com,1
290,Dennie,uL8{$fz6=uf/,dnappin81@sbwire.com,2
291,Claudia,rE6|#6_t,cackenhead82@amazon.com,2
292,Reggie,pX4\1AORHJ91X$9t,rbarwis83@fc2.com,2
293,Jilleen,vE3?xjG*0T=1\,jhumber84@netscape.com,2
294,Fifi,pN5(OFViPaQ4P~,fervine85@w3.org,1
295,Petronella,cC1#D.0Ku9X,pwarren86@amazon.de,1
296,Moll,wX9$ts/T,mminer87@elpais.com,1
297,Ruben,"kH8""2*g6E<~$ByQZ",rbrumpton88@europa.eu,2
298,Dinah,qJ8~E6\~5'#',dnaish89@latimes.com,2
299,Daphne,yN4@n!l+P7i/@3hp,dfruish8a@wordpress.com,1
300,Carissa,fZ9.c&'zT)0Sl8,cthys8b@cnn.com,2
301,Wit,lY3=PM9%tFP&},wblackaller8c@sbwire.com,2
302,Morgana,cG1(1v'%ac,mthorlby8d@europa.eu,1
303,Veriee,"pQ7""}J.7'>G#W&%S",vmatitiaho8e@1und1.de,1
304,Cherie,iH6`YKb8a94NN,chorsey8f@sciencedaily.com,2
305,Lianne,cT6)Lg3tQ(>Y,lbates8g@admin.ch,2
306,Claire,lZ7)&n7=!,cbenit8h@wunderground.com,2
307,Pammie,"gL6@{""~T@CogiTjr",pcoom8i@twitpic.com,1
308,Gabriel,"aD3,8(n3`XF'V1U}",gearngy8j@chron.com,2
309,Willamina,rS3|mNh%n!Y*,wcaldroni8k@youtube.com,2
310,Krystal,oT3%SPRzcM`g8,kfisher8l@t-online.de,1
311,Boniface,wT2`.Jt<xOc|Ll,bhorsefield8m@zdnet.com,1
312,Elyse,bH7=mR@h>U,ebulfoy8n@posterous.com,1
313,Beatriz,vV8*@!lj5`b3L,bmerigot8o@europa.eu,1
314,Lind,oA2%zuAIqQpP_1DY,legglestone8p@feedburner.com,2
315,Mariette,hL1_q3{n\@nKe?wP,mganforthe8q@chicagotribune.com,1
316,Prudence,"kU3{1ggg2r"")!z",prioch8r@chronoengine.com,2
317,Nikolos,gL2#Ry?bK__cq_@,ngage8s@ehow.com,1
318,Estrella,"pO9\ju""eX=84F!5b",emariot8t@unicef.org,2
319,Sollie,"nG4""2v$WdYa\tNa",sferdinand8u@cloudflare.com,2
320,Guthrey,gD8%N)&y>e/,gfaill8v@cafepress.com,2
321,Desiri,rX1=_VzjPd|d6K,dshildrake8w@issuu.com,2
322,Emelda,sU7(qK/0t%,elanglais8x@zimbio.com,1
323,Vinson,aI3@Zr+TH/cbx#P,vpullman8y@scientificamerican.com,2
324,Dalton,iT4}E*?Q8q,dkinzel8z@vk.com,2
325,Willis,"qX2`%E`u1CLM,W!)",wparram90@techcrunch.com,1
326,Claiborne,"dN7,O3n/`|v9@",cgowman91@com.com,1
327,Patrice,"iL7,0(#xXC2'ln",poxton92@biglobe.ne.jp,2
328,Karlotta,fO3=Wz4$_gx>a\iB,kbriskey93@mozilla.com,2
329,Gaultiero,uS5?oopBUR,ggregs94@illinois.edu,2
330,Maddie,rS5`~Q5#l,masif95@independent.co.uk,1
331,Martainn,sB6)GvDtslQT+vA,mhockell96@trellian.com,2
332,Gwenni,bE3+?Uq6psV`),gsacco97@toplist.cz,1
333,Giovanna,"pB1""LxN5B1",gmacdonald98@tripadvisor.com,2
334,Lynnea,eS3!SM>2,lmortlock99@epa.gov,2
335,Kirby,"aS0<).""wv_$",kbamber9a@usda.gov,1
336,Thaine,cC1_ZoD$EY,tbothram9b@instagram.com,2
337,Shellie,"cE7.%G68"".!KxGX",syielding9c@utexas.edu,1
338,Matteo,"rH4&~P=S@,",mbutterfill9d@loc.gov,1
339,Nelly,hC2|VM2~qyG,nburchall9e@youtube.com,1
340,Luciano,mX6~v?'5Y&c,lhysom9f@bloomberg.com,2
341,Carole,kY2>4(<a?ZsIVE},cmoran9g@weather.com,2
342,Cassie,xT2_Uz@nUlL%Y.,cashbe9h@weather.com,2
343,Dav,"gE0""\Q{Ea7~mfI",dseater9i@va.gov,1
344,Antony,rQ8\715?h)CE`zx,abeane9j@illinois.edu,1
345,Merwin,"jI6,`4C|1/&<k.",mfrostick9k@dyndns.org,1
346,Jenilee,bV5|Z%\zW',jbrunning9l@barnesandnoble.com,2
347,Alie,"yB3,sd4(XT",aeddis9m@phoca.cz,2
348,Sheree,wN5|k'01HaMVLkcz,schaplyn9n@t.co,2
349,Poul,"hB0""2@.<%o|H{@kz",pmeece9o@1und1.de,2
350,Janelle,cB2+YaN!,jmingaye9p@geocities.com,1
351,Shaun,pG4'fUwW.b,schopin9q@indiegogo.com,2
352,Jephthah,eN5=N{6/,jseville9r@blogtalkradio.com,1
353,Xaviera,mQ5\8KLQg8dh~!Bj,xjanczyk9s@surveymonkey.com,2
354,Sandy,kV0`D!bp4,sshaudfurth9t@hao123.com,2
355,Edvard,lD0|WYitU4wL,ezelley9u@wix.com,2
356,Nevin,"pO9\Ce<NF,mq`",npatley9v@timesonline.co.uk,2
357,Theodoric,vP4~<s'iQ,tmactrustie9w@archive.org,2
358,Sybil,"hF4@}ag""/B",scollyer9x@tinyurl.com,2
359,Daniela,"iX6""~hc'!",drobertot9y@hugedomains.com,2
360,Gisela,bX2_F$CWkj#C_/{l,gdollard9z@webeden.co.uk,1
361,Arnuad,gQ2&qB_Q|Nq,arobuna0@intel.com,2
362,Augustin,sY7#dw*8,arolleya1@amazon.co.uk,1
363,Etan,"uX6}C,xn",ebaila2@ftc.gov,2
364,Cam,aN9>.uG$!Scf,cimlena3@yellowbook.com,2
365,Norine,aN6|4W9g,nsleaforda4@wikispaces.com,2
366,Abelard,"aY7,ZCLt",amcmeylera5@seesaa.net,2
367,Barn,xV8{YH2BIC,bsainesa6@xinhuanet.com,1
368,Angeline,oW7>\lxJK8<xdC,apettiphera7@hp.com,2
369,Chas,fA5~aQv4_+lV3Mn,cewerta8@dailymail.co.uk,2
370,Alina,mR6*s0*jt`1`la~,amahya9@macromedia.com,1
371,Towney,"zY5*L,4n5ZEz*igR",tcaronaa@so-net.ne.jp,2
372,Kristofor,cO5($Wv.Kf41,kskeenab@mashable.com,1
373,Dillon,"aW5'LjvtVp3""9q7}",dhinnerkac@macromedia.com,2
374,Richmound,sH0\No`<99i!D\,rseymourad@bloglovin.com,2
375,Elli,pC3=tV3x!2|?\s'1,ewaldrenae@ebay.co.uk,1
376,Aurie,yF0.CL+W/d%,awallesaf@unicef.org,1
377,Herta,aR3&Oxy`,hswaitag@java.com,2
378,Vania,aE8@rw(nD&uxi+,vmorrottah@japanpost.jp,2
379,Collete,zS5<DAP0SyOe`w,ccockroftai@umn.edu,2
380,Babita,gA8~I+fjFNL,bworcesteraj@github.com,1
381,Hewett,"mE1,x$'yn",hgebbeak@yolasite.com,2
382,Graham,"eT2>*6h?,yb~fPX""",gberrimanal@cnn.com,1
383,Charmian,dN9}HG~)n7q,csherrellam@mail.ru,2
384,Stoddard,"nK4<.e%""+y6yN",schardan@cbc.ca,2
385,Rebbecca,"eQ1'ZEyN,N8eUw",rgymlettao@msn.com,1
386,Letty,fZ0<dV3/\FE!Zd',lcrouxap@foxnews.com,2
387,Pietro,"sU6/YcP`4,8OWMt",pcoochaq@bbb.org,1
388,Adel,"kN6)h,d#kIas{e(",awillinghamar@smh.com.au,1
389,Jozef,zY4/\ODgkM.8&2e,jcardenosoas@auda.org.au,2
390,Adda,kZ7'~&tWuW!{,acrellimat@phoca.cz,2
391,Yorgos,"wF0@S_4""V",ytidcombeau@nbcnews.com,2
392,Garey,"zM0)~\""tq%",gwildgooseav@merriam-webster.com,1
393,Wilhelmine,nY6=yj#9}6h%r*I,wcullingtonaw@pagesperso-orange.fr,1
394,Guinevere,"kQ8,o?y+QMyM?!%k",gzmitrichenkoax@arstechnica.com,1
395,Conrado,"tY5%7=7m'Q!QJB""N",cpostgateay@prlog.org,1
396,Celestyna,aS2|Vywpc>,clorrymanaz@devhub.com,2
397,Ky,fN0*N2JgpAWak,kbazogeb0@4shared.com,2
398,Herbert,"tL2""cR%b",hmcfarlanb1@weather.com,2
399,Maximilianus,kH7+__2FH@T|~,mgadaultb2@nationalgeographic.com,2
400,Bar,bL8?IZQ$2F,bswanwickb3@desdev.cn,1
401,Mae,pE4=cCBp.H/agM,mfairfoullb4@paginegialle.it,1
402,Sumner,eC2@=fOw,scazereaub5@hatena.ne.jp,2
403,Dunn,"zU7_k?,o+O/X9VN",dallewayb6@irs.gov,2
404,Daryl,aY0/R!V\z,durienb7@smh.com.au,1
405,Sher,rK5.Y=7qJ`>Upx,stelegab8@wikimedia.org,2
406,Pattie,fM5%kCFSRM{,plambalb9@addtoany.com,2
407,Nat,oQ6=Q&79r'O3EB,nclistba@nps.gov,2
408,Mara,eK7&mKFfyTcr>,mpepinbb@google.nl,1
409,Adelheid,"nR0,lHru",aabramowskybc@boston.com,2
410,Fan,mZ1!>ekrT2xOlP)K,fconeleybd@google.co.jp,2
411,Ferris,fV8\kff|%EMI4xw6,fmarklinbe@hibu.com,2
412,Gabriele,gR0%CdaY,gaceybf@bloomberg.com,1
413,Gawain,bD8.wXQ6,gantaobg@altervista.org,2
414,Olly,oL9'Iy\6f.urZB,ofermorbh@walmart.com,1
415,Jeanette,rY1.R=*Y<x`,jsimonnotbi@last.fm,2
416,Maisie,"uY2""P%.SLs",mantenbj@wired.com,2
417,Tatiania,wA8+&u@<9,tmalyanbk@statcounter.com,1
418,Laurence,sY8<@P{=J0zKvQ+z,lhallowesbl@goo.gl,2
419,Luther,"sV8,Rgu%vKhkfK~",ljanssenbm@huffingtonpost.com,2
420,Krystal,dX5/W|{BZ&>Rwp,kgwytherbn@is.gd,2
421,Raimund,"dG3/N""oL",rreignardbo@histats.com,2
422,Buckie,uP4!(&LJ1B*h$1b,bmcartebp@gizmodo.com,2
423,Stacy,"sC6?!'k'skVY$P!,",smesserbq@multiply.com,2
424,Lauryn,yN5>{%R~l8SvPNN8,lstanyforthbr@taobao.com,2
425,Hebert,lK6%<bM9WCzctL},hboutflourbs@tamu.edu,2
426,Trenna,qV9}I{Mi\1M8BU,tkolesbt@tripod.com,2
427,Augie,iH7>0UJ's,agronobu@wiley.com,2
428,Nolan,"sG9""a_OQGI",nsteggalsbv@51.la,1
429,Avrom,"yB7,45~FLd",abouslerbw@unesco.org,1
430,Bryan,qE9\o3?PW1H,bchapebx@bloomberg.com,1
431,Basil,"aR6|,=*y~9m=",bprettiby@ox.ac.uk,1
432,Tristam,"cS6@e&%Ll?6pg,@@",thatherillbz@umn.edu,2
433,Giacomo,eU6|fO)1zc,grosettic0@artisteer.com,1
434,Tracie,lG7\FLi7dF2~w!W,tstorerc1@ox.ac.uk,2
435,Diannne,tU9*zup$`VD,dpirniec2@stanford.edu,1
436,Nancie,qJ1!Q<6/9Ea,nsitlingtonc3@nymag.com,2
437,Ariana,"vX0'F7y,.fvu7",acampanellec4@soup.io,1
438,Yorke,lL3!dM<MN*?4=7u,yvanveldenc5@list-manage.com,2
439,Obie,zF6&4<keyH,ovanvuurenc6@ucoz.com,2
440,Grady,uN2?{.9W{{,gjendasc7@patch.com,1
441,Karyn,"kZ6!,@5'h+I",kdalrymplec8@arstechnica.com,2
442,Scottie,"hS7""b1iyjX1d",sscroggesc9@wikimedia.org,1
443,Glad,oJ2<Akql,gwaldenca@toplist.cz,1
444,Niel,"pW8$""6H$#h?KR5kw",nmogenotcb@simplemachines.org,1
445,Floria,xW6@}3.2<z%nC=,fdavidavidovicscc@edublogs.org,1
446,Jaimie,zT1+y)Yde?t6,jkilbeycd@hatena.ne.jp,1
447,Rick,oG3/lUg$y',rpirouetce@tuttocitta.it,2
448,Alejandrina,qU1?uhZKT,apoloncf@pinterest.com,1
449,Alberta,"pN9!MH{dY""4oB/&",ahammondcg@reuters.com,2
450,Benedetto,uT2%qC2>,bsummerleech@opera.com,1
451,Drusi,cV7*EK@4Sl7DW7uL,dlinneyci@google.es,2
452,Kerri,eN8!E.|t7FO,kcreswellcj@google.co.jp,2
453,Matty,"tH8>vTt,C4""9~,}",mgoodreadck@ibm.com,2
454,Deana,"gV8,$>iB",dboyscl@istockphoto.com,1
455,Clerkclaude,mV4<9vIoV~C=JJ,cwhisbycm@list-manage.com,2
456,Garnet,sW7+0Ht7nl*hUn@,garnellcn@youtu.be,2
457,Shermy,tU8%%|Foyo,sfolomkinco@nsw.gov.au,2
458,Philippe,eL7%m.d+D=*,phuegettcp@google.cn,2
459,Colan,fU1\LeX$DMNxNi#W,ccouplandcq@answers.com,2
460,Emilee,"rP6'e1aw!`h%a,!",ewarlawecr@dailymail.co.uk,1
461,Hillie,"zJ6+&&,Nf",hfalckcs@cisco.com,2
462,Fletch,mG8{d0A.,fdoomanct@economist.com,2
463,Sherye,wG4|u?WnOS&e,smandriercu@elpais.com,1
464,Sutherlan,rJ8!9c%(S,sgimenocv@msn.com,1
465,Korry,jR6}v|rP,kpeilecw@ibm.com,2
466,Buffy,wS6`Yy4glt~{*,bstephenscx@biblegateway.com,1
467,Bellina,vQ2=vdN*?tP796,bpickwellcy@bing.com,1
468,Nevsa,oD2*wu#J,ndugallcz@vistaprint.com,2
469,Maddi,hO6\}UX7@!d*haBG,mezzled0@nih.gov,2
470,Lira,nF5?.yMhMLD7,lrownd1@time.com,2
471,Doe,"jD7_""m&iU%1",dsporgeond2@wired.com,2
472,Daron,tW7%0C<a7(<amico,dlakesd3@feedburner.com,2
473,Minnaminnie,aM2&b\E_kSzdO,mduffind4@cafepress.com,2
474,Brock,sA2{ne.Oy&5FlbT,bbattd5@goo.gl,2
475,Nalani,kV2+bIcL,nstarrd6@multiply.com,1
476,Albie,zK3!ni~c,amayberryd7@reuters.com,1
477,Greta,iA9\c6p8#3,gstickfordd8@diigo.com,1
478,Aurelia,zB7'vPqskvO!|$,amakerd9@umn.edu,1
479,Clo,"jZ7,RTOo/r5?",cjoslingda@usnews.com,2
480,Emylee,"qA6.|rh*,",eottleydb@icq.com,2
481,Garth,nG6!F3omV>PeKC,gbilhamdc@unesco.org,2
482,Hildegaard,dE1%vF&aX,hbaynesdd@mashable.com,2
483,Rafael,"vU3""7cGQqo",rsalvagede@barnesandnoble.com,2
484,Juanita,oT5.q8vvKuh,jbousquetdf@stumbleupon.com,1
485,Bertie,"tJ2~""T8K",bknightleydg@amazon.co.uk,1
486,Rolland,"nA6~9qmX}SkUh""j",rtrappedh@technorati.com,2
487,Imojean,bG0*MI7jR|P,idunlopdi@mashable.com,1
488,Eddi,nZ1!Q_N9@f?<@5(u,evizordj@tinypic.com,2
489,Tommy,uU3&}Vf4Yd3`fT,tpackhamdk@opera.com,2
490,Mercedes,yZ7}?}YIj#R'b,mdepportdl@blogspot.com,1
491,Margalit,"vB3?s""|qB*hc<",mhuniwalldm@phoca.cz,1
492,Tiler,aK1${JHjw(E7xU,tbaiyledn@un.org,1
493,Jabez,uL5(b9|ZG@jg\),jgershomdo@spotify.com,2
494,Rossie,"vC3+,tn\xm(1n9i",rpicknettdp@lycos.com,2
495,Tresa,"cH7',WWf/fX!",tkinneirdq@posterous.com,2
496,Emily,"sX3$4""`t3B",edevoielsdr@imgur.com,2
497,Coriss,"pH6\.~&h)?z+S.,u",cdoonicands@jimdo.com,1
498,Otes,lJ4.zs>AmUJ,omatuschekdt@hubpages.com,1
499,Benedetto,zE5_y+n(E,bandelldu@sciencedirect.com,1
500,Rois,tN0}nmmok)%|Eyey,rmcfadzeandv@ovh.net,2
501,Kyrstin,oU6<<!M/wI.2,kilbertdw@netlog.com,2
502,Reinold,gI8\.(0X`Zy@*F,respleydx@rambler.ru,1
503,Lock,xI3~4YWHU8SH}'==,limisondy@fastcompany.com,1
504,Rodrigo,eG5|Z<a53jg4,rjakubovskydz@linkedin.com,2
505,Mufi,tT6}&kRgL,mfawssette0@hatena.ne.jp,2
506,Gradeigh,"lM7""#51M??+~F\rQ",gcloughtone1@samsung.com,1
507,Leonie,"eM9,x)Fh",lgossagee2@icq.com,2
508,Cosette,"uC2>tL,kC|6E+e#h",cmcparline3@youtu.be,1
509,Faustina,"cI2&b'""tUfb",fbrydene4@mit.edu,2
510,Ealasaid,cU3{~{n+v,ephalipe5@storify.com,1
511,Nettle,gF9)?@~sN5,nsinkine6@census.gov,2
512,Dian,zU5?_CE0,dloguee7@example.com,2
513,Jeannie,rB6+$FYwe*zy=D%e,jbinghame8@dmoz.org,2
514,Woodman,oU1~*?Uguf,wcoone9@webeden.co.uk,1
515,Burg,"dL3{e&3,",bbruntjeea@list-manage.com,1
516,Alano,nV7!(J#%Ebb*bz,agouneleb@gov.uk,1
517,Diannne,yM5+<A)xY3D,dbraunstonec@delicious.com,2
518,Kinny,cX2'YXi%%&m\,kjentzsched@ow.ly,2
519,Orsola,vK0.#_beuO}jD,oaggsee@craigslist.org,1
520,Hyacinth,kR8@vdR\l\,hkrzysztofiakef@ovh.net,2
521,Brigitte,dP9<BgP|'&1,bbeagleholeeg@dailymotion.com,2
522,Jareb,"dQ6=M#zN75,f",jrolletteh@hp.com,1
523,Briana,"oE5""O_<3m7D",blesurfei@uol.com.br,2
524,John,xK3/sd%!,jeveringhamej@sun.com,2
525,Minette,"gW0""_!Uw$",mkleinek@theglobeandmail.com,2
526,Alric,zA7{\8\V,awallettel@hao123.com,1
527,Tully,"fH6""=LDy\OWS>Ub,",tcarpem@sciencedaily.com,2
528,Jenda,vP2\rH~X,jmoggachen@samsung.com,1
529,Kelly,"bB4)W""CsrS*D",kwalewskieo@discovery.com,2
530,Tate,bU0'vCF{c44|N(,tguinanep@pen.io,1
531,Matilde,wN0|Kg`r*aOket,mthoroldeq@google.fr,2
532,Melisa,hE6>{hSW,mbreazealler@dion.ne.jp,2
533,Cletus,nR7~.~7x,cserginsones@unesco.org,2
534,Petronella,aV5(Gp<E5|,pplayfootet@de.vu,1
535,Cody,cZ2&j+8}qaO@Rao,cdunseitheu@canalblog.com,2
536,Oswald,"lV4>.H)2YZp{7""k",ogodwinev@netscape.com,2
537,Gaston,gE0<Rb14_B'JZ`6,gpedleyew@ca.gov,1
538,Kiele,fJ5|qWI9YiMHPd,kguilliattex@icio.us,2
539,Rosella,jO7$'_JA,rwegenerey@pcworld.com,1
540,Cass,oH5*C}np(,cchansonez@un.org,2
541,Harcourt,sO3%*TYSYQ)Qp%=a,hzavattarif0@yale.edu,1
542,Cassius,"tM0+x<5#3.R,a,",cadelmanf1@photobucket.com,2
543,Papageno,"cH2%&5r%(,",pbillitterif2@google.co.uk,2
544,Bel,wV5&B'u}Z,brobelowf3@timesonline.co.uk,1
545,Frances,"hK4>D7(&g7BY,!S/",fmacmanusf4@netvibes.com,2
546,Colette,"oA7,LF@@PQ4$z2v",cscarrf5@bizjournals.com,2
547,Frederik,cA6(<Nn{Bzdgmrg,fmackimmief6@studiopress.com,2
548,Delcine,"bW7,YIFvQMNB$Ir",dpardoef7@google.ru,2
549,Huberto,vB4~+/yD</|gfJ>,hjupef8@netvibes.com,2
550,May,"eM6`a""1Qaof3",movernellf9@clickbank.net,2
551,Gabriella,aI4/u<aQsTj>=$,gduredenfa@discovery.com,2
552,Emerson,aH0+xz.\_'%.w>5M,ewinkworthfb@dagondesign.com,1
553,August,vA6'b?=Q,asketcherfc@rakuten.co.jp,2
554,Siusan,kN4_O\ZYKV7w,sgofordfd@gizmodo.com,1
555,Heath,oG0*=A=1T,hpfifferfe@comcast.net,1
556,Beilul,xS0$~h/AF0nD,btoombsff@gov.uk,1
557,Malinda,dA2}`AOh)T!hMr&,mcoronafg@sfgate.com,2
558,Emelyne,dN7!>bcQsFQP<+,eribbonfh@biglobe.ne.jp,2
559,Frants,kK8~FV.PU,faylwardfi@squidoo.com,2
560,Elie,gW4>#Yua},elewishamfj@taobao.com,2
561,Daphne,lO5.yACEsQO{<|3z,dcohrsfk@miitbeian.gov.cn,2
562,Cammy,iG2`QGq<>e(KreGG,cbonnettfl@boston.com,2
563,Torr,jJ8.@Mp_KY,tsayrefm@umn.edu,1
564,Rozalie,qU8'7+'aEB3D,rmccluinfn@issuu.com,2
565,Channa,"vA4+""lETYs~y/",cheberdenfo@tripod.com,2
566,Temple,bD0{9d4),tconklingfp@umich.edu,2
567,Conchita,qP5%*sK&V,cberwickfq@soundcloud.com,2
568,Dorette,"qP2{A+F$ZEP""|Z|",dfossettfr@blogs.com,1
569,Grier,"hI4*&.M?#l""@p.",gdelazennefs@umn.edu,1
570,Madella,uU6<p=f#koF,mmcgrillft@slideshare.net,2
571,Diarmid,fY0?A)|St6~_*9rS,dbirtlefu@prweb.com,2
572,Kym,xX9)*J7c.,kfoxleyfv@disqus.com,2
573,Nap,"iP0`8""QF",ngunbiefw@nydailynews.com,2
574,Wynn,kE8.cJMhhj,wchatellfx@gov.uk,2
575,Davy,lS5=2S86PFHT,drivalfy@cisco.com,2
576,Ardenia,zW6/$4H6BpXy(xLu,abufffz@discovery.com,1
577,Shaina,uE3>*Bd1`cc`e},swilliamsong0@utexas.edu,2
578,Alejandrina,bA5.#`\#k/7v,abristoweg1@slashdot.org,1
579,Englebert,tQ2{Do\2mu,edevonaldg2@wufoo.com,1
580,Diahann,gO9?&h!hzk3=',dmaung3@bbc.co.uk,2
581,Jennine,xA3#|COr74ACX6,jyeog4@free.fr,2
582,Mirabella,sQ1\g!*gdO#r{1,mtatchellg5@virginia.edu,1
583,Shane,oN5{wTW\$0,stregaskisg6@tumblr.com,1
584,Casar,"yU1~""a.SOdvkh7",cjirieckg7@mozilla.org,1
585,Nana,"fY9\&j3""""*A(h3w",njoynerg8@fema.gov,2
586,Brinn,xB1*F@VsK!,brubegag9@upenn.edu,1
587,Maggy,wY0=mC7UWe\7f,mdyga@nih.gov,1
588,Arlen,pE7~Sg<~\tdWt+l,ahankingb@ed.gov,2
589,Osborne,kA4@40~u'rqq,opaulischgc@unc.edu,2
590,Bonnibelle,gH4\*hUFSpkgf)T,bcavanaghgd@disqus.com,1
591,Carline,vA3<TYyOlxGj,cbetteridgege@globo.com,1
592,Eran,pN1|f1B3xLN<,emabbegf@bing.com,2
593,Lonnard,nM7|nAeq@c6o},ldcruzegg@geocities.com,2
594,Orella,"vE7#,R3RS&,n>Eq\",omcgawgh@youku.com,2
595,Dugald,wK9{3#'f|X&,dselewaygi@opera.com,2
596,Eleonora,pB8*kHk5UO,emagergj@cbslocal.com,2
597,Marjie,hA5!iWGY,mirvinggk@ucoz.ru,2
598,Perri,kL0{b>q2RmNVy,psupplegl@ameblo.jp,2
599,Jock,"iN2?A,A7+Y",jhendricksgm@opensource.org,2
600,Wendi,kM1.ar|OOCX,wlarnegn@symantec.com,2
601,Nona,bK6#D@/Bx.lidpJ),nminkingo@vkontakte.ru,2
602,Adina,jZ2&%Gc'J0),amaclicegp@google.es,2
603,Lory,"vD8=""SIaKV{6MI",lbethellgq@yale.edu,2
604,Trista,pK6\J<7}=V&D<,tnewhousegr@telegraph.co.uk,1
605,Corrianne,aY0?P*gm$z>\tfA?,cbaudigs@ebay.com,2
606,Randal,hM0`~&b=<v&N|=,rivakhnovgt@digg.com,1
607,Lilly,"nU9?+brx6L`/,a{",lcominsgu@wix.com,1
608,Kain,zX9?#g.lJ952,kdahlmangv@deviantart.com,2
609,Preston,iN2`{IK1N3y*k~,pmoiseygw@amazon.de,1
610,Jeane,aL0?%tg.v\de,jpattendengx@nsw.gov.au,2
611,Jaquenetta,nH8+2p8N9K'2_0Ah,jhenningtongy@twitter.com,1
612,Celestia,uC5_cf*nB`,callangz@tumblr.com,2
613,Evangelin,mY6@Ekc#(vi*E,edishmanh0@mit.edu,1
614,Maison,"vF7,=KVLavoUT""",mdutteridgeh1@rakuten.co.jp,2
615,Janith,"oF3~M+kR""xY/_uHb",jespadaterh2@wikispaces.com,1
616,Charyl,hL5/dgZd!M{,cbeverleyh3@disqus.com,1
617,Kessiah,oZ1{G$K+\6<kk,kbiddlecombeh4@bbc.co.uk,2
618,Anderea,wX9+in|<HA(W4b5,ashellshearh5@paypal.com,1
619,Neila,dD4)R+s*&Z'O(,ngorkeh6@studiopress.com,2
620,Dix,"iL3{\z#?%""4",dplayleh7@google.com,2
621,Maritsa,wO5{ye/_P),mmcgroryh8@slideshare.net,1
622,Holly,"mG2>yB*~O1*k,",hleemansh9@yellowpages.com,2
623,Brietta,fQ5{e.Jv<h|3en,bschallha@nationalgeographic.com,2
624,Aldis,pX2/a1{i,atoomeyhb@sphinn.com,1
625,Winn,"eT8<T""J?%""`.!g.",wcubbinihc@thetimes.co.uk,2
626,Reynolds,aC0}C{dK_h0LR,rbottjerhd@altervista.org,1
627,Alexei,zH6~3GML}W,aphettehe@msn.com,1
628,Fayette,lW0@LuXu6Djni4,ftamsetthf@ocn.ne.jp,2
629,Oralle,sO5*XBwh'4|,ofourmyhg@e-recht24.de,2
630,Yurik,"sJ2(%ZEgYpC""",ybrachellhh@mtv.com,1
631,Gavra,kZ7<(`Kejmaurk,gburtwellhi@g.co,1
632,Nike,"mW2""eThJF<*'",nstannerhj@studiopress.com,1
633,Silvio,tL1'Bu<B8,sspiringhk@mysql.com,2
634,Humfrid,oF8@7asl,hcasarinohl@etsy.com,1
635,Humbert,rI7(NT7IS,hhayballhm@wp.com,1
636,Neville,vW9|l~=at+Of_+y,nblachfordhn@bloglines.com,2
637,Adey,"iH0~Y?d""`Gn6PxcN",abredesho@google.de,2
638,Nerte,wI0*J4_p`M?o{U,nlivezeyhp@slideshare.net,2
639,Caz,nH2$zLQuam04ob,cbaulthq@etsy.com,2
640,Tierney,lP8|e*@d,tcahalanhr@yolasite.com,2
641,Spenser,fH5.`(N@ltqC,sturbaths@nationalgeographic.com,2
642,Dyann,kC3?{x67)H{,dbarrableht@ovh.net,1
643,Orlan,"iA4"",S'1|xgLio",ohenrothu@flavors.me,2
644,Joscelin,"cM8""z7g_G",jduganhv@nsw.gov.au,2
645,Pierette,mR3%)'}$,pjablonskihw@xing.com,2
646,Archibald,lZ1#64PU.,aforsydehx@tripadvisor.com,1
647,Jarid,hA2\EnVwc+2r\>fp,jfedorchenkohy@noaa.gov,2
648,Dorey,lP0)lM7@S42v,dcrutcherhz@china.com.cn,2
649,Frederigo,qN3*80E6HC`*vAa,fbrashawi0@1688.com,1
650,Holly,qK0+KmNA*Ey7,hpoznani1@ibm.com,2
651,Oswald,gL5@pRCx<6s,ostablei2@stanford.edu,2
652,Fern,yF0_'jWBJ6Nl=MY_,favramovitzi3@alexa.com,2
653,Sonnie,"zH8?D(m',N{~z%}=",sspellecyi4@webmd.com,2
654,Zane,rB0'Lmn#$)JR,zheamusi5@odnoklassniki.ru,2
655,Wilmette,zK2)3XJB!36qW,wbonnefini6@google.nl,2
656,Free,lY1$j>0Ad+w}?uG,fnewburyi7@wikispaces.com,2
657,Ralf,xS5}Tss@TE,rebdeni8@spotify.com,1
658,Broddie,mY5$xPWd8p6~,bchamberlainei9@quantcast.com,1
659,Kameko,"jE1""(*""s,U>|T",kdecopemania@clickbank.net,2
660,Corinna,yK8_1HxES,cseabridgeib@constantcontact.com,2
661,Katti,tU6~AdM7GxdBOtrA,kdarwoodic@spiegel.de,2
662,Jolene,yS5$aZDU@Dz),jgallagerid@hexun.com,2
663,Lauren,pK9@QU_2)Il#bp,ldupreeie@toplist.cz,2
664,Babette,gS8/aE|WHoQ{P,bmurdochif@bbc.co.uk,1
665,Jarib,"gV2?3l""\\Qreh8Z",jchallinig@weebly.com,2
666,Ado,"zX4*,U{*",afaraganih@g.co,2
667,Sutherland,lS3!jak`l0z%,sskellonii@chronoengine.com,2
668,Aleece,nT6*RA@VF(ELb+1T,amillbergij@ustream.tv,2
669,Shae,"wF0~.lWT""lQVpGy",snuddeik@facebook.com,2
670,Paule,qO1=LXAi,pcargoil@cbc.ca,2
671,Lise,jS8(Vbyl@8QK,lspencerim@ustream.tv,2
672,Beck,rY3`EUDy&P,bemmotin@cmu.edu,2
673,Graeme,"dF8!D5!9""J+I@",gyouellio@merriam-webster.com,2
674,Benita,lP3?5N@7+,belliottip@canalblog.com,2
675,Haily,wP1?u&C*lKa_o.,hklemtiq@simplemachines.org,2
676,Chen,"oQ0#1i(?Kr3`K""2g",ccavetir@shop-pro.jp,2
677,Roosevelt,"tH9?T%c`""qKK'>>",rleggateis@mediafire.com,2
678,Pren,kW4{%gB>M@LDo,pseatonit@spiegel.de,1
679,Elsy,wR8%4}#OlH,eedgarsiu@google.cn,2
680,Lisha,iS7\CZ`=\46KTbHh,lwemyssiv@slideshare.net,2
681,Koralle,gF3'aqn2gmwKI=,kpontainiw@edublogs.org,2
682,Sharleen,bH2&PGN9289I*Z,slamplughix@narod.ru,2
683,Margareta,pQ2}U$DQT,mwoolleriy@reference.com,2
684,Lay,sX0!`@+X=CN_,lmatyushonokiz@irs.gov,1
685,Titus,lT5*mNgt/2W.mO5o,tbeamsonj0@stanford.edu,2
686,Courtney,vJ0%@JPdJdhJ&,cinnottj1@blogger.com,1
687,Roseann,tA2#8cyKZHc,rreublej2@typepad.com,2
688,Marnia,vX9}pi\<M\`Bo~,meberstj3@umn.edu,1
689,Darnell,uN1_!_xQ%@<c,dalcidoj4@sciencedaily.com,2
690,Anselm,iA1%mF?#dSuet',aminihanej5@cpanel.net,2
691,Lisetta,xL4{/j9Q|dyeZ,lfeldmannj6@spotify.com,1
692,Nelia,"aY7=QKc?p5,`,gLj",nlorensj7@uiuc.edu,1
693,Lynna,cP3_'lyS&|Fu$,lferreiraj8@about.com,2
694,Morganne,gD4\.4d6Y,mjacmardj9@ibm.com,2
695,Thaddeus,wF4\gfXC8CTeFIUY,tmeoja@youtube.com,2
696,Paule,"qW0$yl3'_/9G,>\t",pbeavesjb@usnews.com,1
697,Wes,fF8\S<OXCNZEF}@,wmcleodjc@theglobeandmail.com,2
698,Gwendolin,"hQ2""F/Z/'@",gcockranjd@sfgate.com,1
699,Shannon,pW2&Bxr~WC3WMu,sherleyje@barnesandnoble.com,2
700,Stewart,kR0\*M'(%hwp2zGp,sscoldingjf@dell.com,2
701,Natividad,qA7&Xh~r</,njershjg@ox.ac.uk,2
702,Pauli,xI9|nJrt\F<,pschrirenjh@google.es,1
703,Osbourne,mG6&8&VE'MZxH5t,ogollyji@fc2.com,2
704,Tymon,"nF6*+,m4!D(",tsalkildjj@scientificamerican.com,1
705,Adel,zD6'D.+FeF~,abunkerjk@msn.com,2
706,Lawrence,"hN6.X""hLb",lchinnockjl@goo.ne.jp,2
707,Arne,"hI0|0go""lq66",athomeljm@linkedin.com,2
708,Herbie,fB4(&7KEfsn7,hstedelljn@trellian.com,2
709,Kliment,"lZ8%a""Tj{DV4MR",kvanyushinjo@4shared.com,2
710,Lyndy,"wM7<""yuLZ",lvaadelandjp@independent.co.uk,1
711,Adina,lL0_B~'!{7~Cs|hV,averrillsjq@indiatimes.com,1
712,Mufinella,eP0@ZUnKp5&bD,mjunejr@arstechnica.com,2
713,Conroy,"zN9'VTv)D.d,`x""",cdaniellsjs@boston.com,2
714,Sunny,aV3\'C!B\z4X,sginmanjt@senate.gov,2
715,Lewie,nG9}HpRg,ldougaryju@exblog.jp,1
716,Hubey,pN1@gHS|Y~,hrolphjv@phpbb.com,2
717,Abel,oC9+*0H<g,agemmelljw@canalblog.com,2
718,Antonino,wA4/Gj|41?E'#e,amacnamarajx@is.gd,2
719,Emilia,aD5#v&f?q6|u,ekinradejy@51.la,1
720,Karissa,bR4.SapLV%MEqtB,kkeesjz@slashdot.org,2
721,Nelli,xA3{t=}*,nbladerk0@wp.com,2
722,Brod,iU5*>Y1I2G,bbonehamk1@addthis.com,2
723,Maude,oJ1<+J\j%M,mkibbelk2@prlog.org,2
724,Yelena,"hF9,O4'asjJ",yshurmank3@cdbaby.com,1
725,Parker,lR9(/W2@}wQU,pblandamorek4@purevolume.com,1
726,Katherine,"cN8.8WzZNuXs""A",kkellardk5@seattletimes.com,1
727,Ignaz,dT2>.X+V,iberdalek6@hc360.com,2
728,Amery,"fD5""mrStGt",aravenhillsk7@hatena.ne.jp,2
729,Nike,"jB2*,BXkyYB#'t\6",nmallamk8@hexun.com,2
730,Marsha,uN9~0\GR,msturgeonk9@virginia.edu,1
731,Dallis,nU1&)7yxuAk,dtredinnickka@domainmarket.com,2
732,Amata,gE8@'8k$D%uXF!,atapperkb@skyrock.com,2
733,Douglas,jG3/#pmv0n09f+H,dblazekkc@army.mil,2
734,Tammi,gH2$qD.&,tdorrellkd@baidu.com,1
735,Maressa,fD6+2e8g,mcollyearke@prweb.com,1
736,Drugi,eG4!Bb355FG(Nc+O,dbittertonkf@flickr.com,2
737,Kimbell,mK0_eAm4,kstovinkg@de.vu,1
738,Beverie,wU7!gfb0g1T9,bsneezumkh@un.org,2
739,Iggie,uC7*@hMx&Sxocnv,ifenckki@intel.com,1
740,Tammi,xX2}dR+Pn0=s+,trignallkj@imgur.com,2
741,Raviv,tU3}U98X1t%?/h&,rralestonkk@nydailynews.com,2
742,Anabelle,kB1)vW~',adobiekl@arstechnica.com,1
743,Halsey,aY0$9)lB<&%6q<|,hwisemankm@latimes.com,2
744,Elvis,nY1<mlS}4bp,epapeskn@alexa.com,2
745,Gloriane,dE4)jM>I+CUy%,gdwellingko@samsung.com,2
746,Rickey,jI6#RO<PxG,rhareskp@vkontakte.ru,2
747,Lurlene,"cY9""2)ik|_TL",lmcwhinniekq@istockphoto.com,2
748,Angelita,aT7#N=3g8%$kz,aegletonkr@google.it,2
749,Tadd,"xS8=,x{yRKH%V69=",tslingerks@netscape.com,2
750,Marney,gZ5(|Fdvorfu69R,mdalwoodkt@geocities.jp,2
751,Chilton,rS2=}A5U`9V(,ccisarku@slate.com,2
752,Harp,qR0_$KUIH*$O1b,hbradmankv@zdnet.com,2
753,Reginald,"oR0!.j?Bp,PGgN",roxburghkw@skyrock.com,1
754,Larina,vS6'VHp|S,lsteanyngkx@guardian.co.uk,1
755,Meade,kE6{8=Z!9X,mkillingbeckky@hatena.ne.jp,1
756,Corny,lJ8<e'$Rj!pc&,copiekz@princeton.edu,2
757,Lidia,rW7~(rU(yJ5Bys|j,lfinnickl0@washington.edu,2
758,Katine,"tZ4?/9,o<@7$/AD",kwilderspoonl1@networksolutions.com,1
759,Winny,"rW4""2S#_5",wallittl2@answers.com,2
760,Horton,"uT6.,8?Ys'",hyureninl3@tripod.com,1
761,Tersina,wA1?fx1f+)Qo,tbendelowl4@ask.com,2
762,Angeli,eF6*(vNIX`J~rdz8,agarmansonl5@google.it,2
763,Danie,"tI1""~E{0Q{?#Sm!",dstonestreetl6@privacy.gov.au,2
764,Beatrice,jM8~zc7_d'}rO2k6,bdacombel7@goodreads.com,2
765,Brent,mM1|PNr>,bsotworthl8@constantcontact.com,2
766,Dickie,lU2_emkmtGA*}wq1,ddallicottl9@home.pl,2
767,Jacquelynn,"yU7&}X@""",jdevonaldla@ucla.edu,2
768,Ingunna,sX5@`1jCdc<,iabethelllb@nifty.com,2
769,Essa,oJ8=AqjC,esewilllc@bbc.co.uk,1
770,Casey,eZ9@j!Z<H@.LDM+,candreuccild@cnbc.com,2
771,Stavro,fP7/)fzq,sruddlele@constantcontact.com,1
772,Trefor,zA1%cij9ryu2,ttommasilf@altervista.org,1
773,Colby,"uZ4(Z5I""(",cbreartylg@woothemes.com,1
774,Ewell,yW1.vB7Q(,ehailwoodlh@umich.edu,1
775,Berky,aW9*$H.4V%sIPK,bgittensli@nymag.com,1
776,Dorelle,"tB5,b4wl(UB",droydonlj@ovh.net,2
777,Charlean,eL4@I`@1%RHmN'h>,choyerlk@constantcontact.com,2
778,Devi,zR3#@mHD$|3>,dwharmbyll@squarespace.com,2
779,Stephie,jT5.T=Cm6m,siredalelm@ameblo.jp,1
780,Hugues,rO2~&sRVbo.8Im,hzappelln@cbc.ca,2
781,Janna,cS5\bInn#x,jbishopplo@va.gov,2
782,Tabitha,jZ7/UAN5,tphillpottslp@cyberchimps.com,1
783,Lissa,mB0|!Jw`W!c,lbarhemslq@vinaora.com,1
784,Rennie,kA3{zJz@,rhumbelllr@about.me,1
785,Erl,dT4>0)7.*N)m{XR6,ecalwellls@discovery.com,2
786,Nadeen,tY3?Zc<P!,npethericklt@walmart.com,2
787,Valerie,hT7}(l7y4n)k,vgabbotlu@microsoft.com,1
788,Carolin,uQ1@B/xqZh}p,cfranciolilv@g.co,2
789,Murray,lA3!!?BaI$6j4u*',mbasilllw@japanpost.jp,2
790,Chiquita,gR8.g4gY\,ctheodorelx@tumblr.com,1
791,Cortney,sJ2<ZO#`,cwhordleyly@1und1.de,2
792,El,rH0!4Tr/Wg@wAN,efairnielz@g.co,2
793,Cori,cK7+XPhiQ{*xPC?,ccaffm0@spiegel.de,1
794,Shellysheldon,xC7*z7`{k(!N(,skulvearm1@mit.edu,2
795,Phoebe,"vM6""7||f5R",pmacmeanmam2@myspace.com,1
796,Gwendolen,"lO4+nK'yN""~",gmussottim3@dagondesign.com,2
797,Meg,cW3}#4}#In,mnultym4@dedecms.com,2
798,Elianore,jH4?Woj_oRQW,ecreberm5@reuters.com,2
799,Mona,bG0.'=B|B,mstirzakerm6@freewebs.com,2
800,Beryl,"vO3,q\z~u?GEkF{",bmcloneym7@squarespace.com,1
801,Dalston,dM4`4`H7UthYN,dbewfieldm8@lulu.com,2
802,Bobbie,"hO3}u.R*R,<Ri",breveym9@nytimes.com,1
803,Jilli,"nQ6,YcO@RLd",jblanpeinma@w3.org,2
804,Edwin,eH7%eO?(.)803M,eisakovicmb@freewebs.com,2
805,Nettle,oH6#z1M>A8,ntompsettmc@sciencedaily.com,2
806,Em,"fD2.'t?W\""/n",ecasaromd@woothemes.com,2
807,Horatia,kJ5's)S},hgarrattleyme@altervista.org,1
808,Clemens,wV5~a!Bq1MM48Wf},cearymf@discuz.net,2
809,Vernor,pL7/*{YP\*f,vcartermg@sfgate.com,2
810,Kath,pI4+NG@i2j,ktremontanamh@ucla.edu,2
811,Reidar,hH4?(X&G9,rsalsburymi@1688.com,1
812,Dan,hM8}WGuqb0,dlettsonmj@com.com,2
813,Devi,eC6}7oEQ,dwelbeckmk@cnet.com,2
814,Arlena,cA5?kWzTxqMB,alightmanml@gizmodo.com,2
815,Margalo,"hZ3*?,$kT+6f\KCY",mfriesemm@google.ca,1
816,Theodosia,mD1~{@7dF@)W,tkubekmn@fastcompany.com,1
817,Erin,fH4+@WG@a,edeverehuntmo@harvard.edu,1
818,Barbe,rI3=7`&TY0,bailwardmp@blogger.com,2
819,Dulcy,zQ6#q3=G,dmailesmq@spotify.com,2
820,Emylee,rG8(\.')|@,erentollmr@mashable.com,1
821,Elayne,vX7~rYtAYA2nldW3,eclarycottms@e-recht24.de,2
822,Mattias,lF2$C<H+,moriginmt@netscape.com,2
823,Vivyan,mY0`ebF4r/n,vgutchermu@wikimedia.org,2
824,Ida,"lD4!+=c+P$""",iburvillmv@rediff.com,2
825,Eydie,iA4&H*V<(sg3`,esearsmw@amazon.co.jp,2
826,Fawn,rC3'/oeV6OQX<,fcastlakemx@elegantthemes.com,1
827,Courtnay,bQ3?heF@h&,cfoulismy@guardian.co.uk,2
828,Ashlee,"bR2=<vV8,P",avieyramz@lulu.com,1
829,Janith,tP0.=fRL}h`fyI,jwanklingn0@abc.net.au,2
830,Archibold,iK3}uFYt#O7,awabeyn1@seesaa.net,1
831,Shane,uP0_xo.\,sgaytern2@dmoz.org,2
832,Saundra,pK6<q\U)>.C(pu`),shulcoopn3@tripadvisor.com,2
833,Solomon,kS4#f|8p*`,sbookern4@furl.net,1
834,Cornela,rS4$R?.B_Al|,cwiddalln5@indiatimes.com,2
835,Coreen,vS1%AY5mx(sYOh}#,cheinzn6@freewebs.com,2
836,Kalinda,wE8&MjD*Gew$ca~,knorridgen7@shinystat.com,2
837,Noland,fF7~Gdl!r`VR,nseaversn8@amazon.co.jp,2
838,Alina,"nD9\fsqoR""",aaucottn9@nih.gov,1
839,Beth,"pX8?RWJs""",bcalbaithena@ehow.com,2
840,Isahella,yC4}0M\V,ipolleynb@hao123.com,2
841,Donnie,"qW9~NkGKi0,dr+",dtwortnc@dyndns.org,2
842,Brannon,"oY0'l8=""",brussellnd@bing.com,2
843,Joey,eJ1@?et|s,jpatmorene@loc.gov,2
844,Kalli,"kI1?88CICTG""",kandrioninf@sun.com,1
845,Langston,hW7>s#2?/+Kxk,ljackettsng@about.com,2
846,Leann,eY1|n\Z*TwRmUq,lrushenh@vimeo.com,2
847,Nadya,"cA2!V,}e$mg",nrohlfni@cmu.edu,2
848,Sherline,fL5@+yG_)9VIS%gQ,sbottomsnj@arizona.edu,2
849,Mag,iS7'AeRxqwUg,msmiznk@virginia.edu,1
850,Adolph,"lF7""R""\Lrt}og",agowannl@wikipedia.org,2
851,Sharl,cV8$f?ODV=E?,soramnm@lulu.com,2
852,Sammy,"rV4&35C@""y%IBW&",sdraytonnn@latimes.com,2
853,Mariejeanne,"kO6\>*.""",mcasottino@clickbank.net,2
854,Rogers,rR1$I4XGLrSW,ressamenp@ycombinator.com,1
855,Cyndia,nD6#GalQ'O*W,ctotaronq@symantec.com,2
856,Berkly,nK5$jp4x|1,bhacquelnr@kickstarter.com,2
857,Araldo,dN2*FJLSB7Yt@/v,apinfoldns@bbc.co.uk,1
858,Nan,eG0@(1Rkk>{pb7\,nwitchernt@gravatar.com,1
859,Aloysius,"oS7|~4O""un4Dkq$o",abailesnu@about.com,2
860,Eulalie,nO1+wo`u,ebordesnv@squarespace.com,1
861,Jermaine,aH7_vhNiBsA(/,jspellingnw@csmonitor.com,2
862,Modestine,sE5(AM&2>ol,mlamploughnx@ezinearticles.com,2
863,Davidson,hX1*N$21zlZ$uN,dwoehlerny@deliciousdays.com,2
864,Valentine,"fN6""{y=%oaOkQP)",vgrewenz@tinypic.com,1
865,Tansy,"fW2,no,k=B1r",talderwicko0@hhs.gov,2
866,Clarance,"pE7&%6})!L>P5$,",cknivetto1@comsenz.com,2
867,Carr,rU1<\2RI,cbeekeo2@nsw.gov.au,2
868,Evvie,dR9<<G\_#Ah5,ecoogano3@nature.com,2
869,Osbert,eG3(Ne@yYbO=3nY,oagneauo4@deviantart.com,2
870,Yoshi,iW2\EyUlrt,yiowarcho5@unblog.fr,2
871,Agretha,"hX6&O@&KUyR|,cd,",amatthewo6@ibm.com,2
872,Elnora,"lC2),$N2~J.W",eboyketto7@seesaa.net,1
873,Addy,gI5(0)O7OI4xOOX?,atrevalliono8@imdb.com,1
874,Eugenio,hW8~ZGT\uu@@,enolteo9@hexun.com,2
875,Gustavo,"dI1>#""f|\M'nq",gfloydeoa@nsw.gov.au,2
876,Alisha,jK8!vq/Tuo?GS&|,apardoeob@tripod.com,2
877,Malvin,wY6{k}Y<_FV),mgatchelloc@webnode.com,2
878,Shamus,pQ2*G\J'GD4=uL,stackleod@123-reg.co.uk,2
879,Deirdre,qJ0?/(/8B,dwitherdenoe@sciencedirect.com,2
880,Derron,"iW8""EP&L?zi!f>4g",dregnardof@mail.ru,2
881,Garfield,cH8/1u5>\5~1,gbreakwellog@ucsd.edu,1
882,Sabrina,iI2|er+6q5}&,sstreetoh@wordpress.com,2
883,Fran,pY5(m<PW,fyousefoi@mac.com,1
884,Kermy,hN9(Vz799O,kattwoulloj@eventbrite.com,2
885,Royall,cY8*!B\2&b,rcadaganok@dagondesign.com,2
886,Georgiana,uW9!'\$_X\,gmussoliniol@github.com,1
887,Nancie,vY8@5(~j_|,ngiffkinsom@cafepress.com,2
888,Ethelyn,sT4*E2cJ`@W1dJ,esiretton@surveymonkey.com,2
889,Marti,sJ8$=/H%6g#YM,mlarmettoo@yale.edu,1
890,Amberly,zQ2=/5pb6E}_5,arodgerop@domainmarket.com,2
891,Clarissa,"xK4,$F+{B",cdawidowitschoq@hexun.com,2
892,Bil,rC4(Cvip1.#m{I4,bhebbronor@csmonitor.com,2
893,Consalve,oV5'(@$ig,cpinkardos@ed.gov,1
894,Mariele,gJ3\%?Dl`j,mwrateot@moonfruit.com,1
895,Don,nN0*xyI$lH,dklimkiewichou@google.es,1
896,Dannye,hY3\ZrS5,dmastrantoneov@wunderground.com,2
897,Jodi,mP3~WB#H+,jfelliniow@tinypic.com,2
898,Trudi,zT5(%{kTLxni<h\H,tnassyox@artisteer.com,2
899,Laurella,wM2=mVye>.XkN@Rk,lsanziooy@mediafire.com,2
900,Yulma,"aL4{QBGrwrD{8n,G",ykubaloz@scribd.com,2
901,Shem,"lL4?tpS,)T\9nk%",ssancroftp0@ca.gov,2
902,David,"lK6,j+SO>,G/ME",dhazeleyp1@home.pl,2
903,Frederic,vS3/Ien|$w\0.,fnighp2@gov.uk,2
904,Maribeth,vD4_i#w~FV60xE)q,msergantp3@webnode.com,2
905,Muffin,fN9+tjm&,mflasbyp4@4shared.com,1
906,Barri,qO5`_pKi+6A(cvl,bsavaagep5@ftc.gov,2
907,Carleton,xK8~xV~|m`!H,cdemannp6@acquirethisname.com,2
908,Myer,"pG8`y,E>Q",mgudep7@bizjournals.com,1
909,Cristie,sA4&#N~E=xe#,cmcivorp8@plala.or.jp,1
910,Emory,sC4}*fQMfW)pPw,ebirtwellp9@friendfeed.com,2
911,Kendrick,xT9<FssZQ2&@h_Q,klugdenpa@msu.edu,2
912,Alberik,bO4$+<j|,athompsonpb@zdnet.com,2
913,Hebert,wJ7(FR4$uE,hvanninipc@usa.gov,2
914,Fenelia,fW8#O`d`ro&OsURK,fhambatchpd@paypal.com,2
915,Mabel,mZ3&'@n2DU{,mpashenkovpe@webs.com,2
916,Gates,aR8>pu6xi,gmacrurypf@theguardian.com,1
917,Hillyer,xO7\S=WM,hcorzorpg@blogtalkradio.com,1
918,Kyle,kM7@Q=}|BFN,kacostaph@meetup.com,1
919,Hurley,yE3@ceOm/H,hfakepi@adobe.com,2
920,Caro,"zQ1%m)o,#?UtlJ",cjeenespj@cloudflare.com,2
921,Wilmette,gK2$Drl)l,wswadlingepk@hao123.com,1
922,Carmelina,mI3%vUk7i,clamdenpl@soup.io,2
923,Kamilah,vJ9=Q{ROr>,kwanstallpm@cbslocal.com,2
924,Yorgos,lN2~1zeD_+A}2,ypallypn@sphinn.com,1
925,Carine,dI4%NN9}Gh}p,cjozwickipo@amazon.de,1
926,Elmira,fM5*3sp.2bU(q*6p,eelkinpp@goo.ne.jp,1
927,Tedra,"bP8'XWb@C,Y{",tclemencetpq@domainmarket.com,2
928,Dalenna,sI2@_RYi,ddecavillepr@bloglines.com,1
929,Eal,mM7%tMy=5HK6,eglaviasps@forbes.com,2
930,Maridel,qY6#nHl=2%,mvannahpt@google.ru,2
931,Alysa,rR0_0`|l,anucciottipu@clickbank.net,2
932,Eulalie,"sH0{!#7'l,t",ebethellpv@jigsy.com,1
933,Anett,gR1$nxtrU)@,awindrasspw@cnet.com,1
934,Leroi,rW7!h'xQ,lpomphrettpx@amazon.co.uk,1
935,Maribeth,jP3&D7c\,mnovellopy@home.pl,2
936,Jennica,jN8(l'w/QmAC2,jabyspz@cargocollective.com,2
937,Carlene,tN5$fii*m3,civieq0@amazon.com,2
938,Amalita,"bD8?HG,M",apingstonq1@nymag.com,2
939,Mireielle,tE6'reuZ0|#,mbartolicq2@phoca.cz,2
940,Mignonne,oU3'LbaRoxK|,mphilpq3@newsvine.com,2
941,Rhea,aH0__aG9$bgc,rbullonq4@cocolog-nifty.com,1
942,Merola,tN5@8)G2?y6`1,mmemoryq5@sbwire.com,2
943,Alley,rW2{Rvi<bv`Sp,agodingq6@xinhuanet.com,2
944,Marleah,pA6$c&9.N!0,motteridgeq7@hostgator.com,2
945,Germaine,"dN8?T,\?.vlIRo,",gpotesq8@bigcartel.com,2
946,Christy,"kI3,p_&D4DKff\#V",crubinchikq9@weebly.com,1
947,Petr,oT2<C!M8%ozb|J,plucasqa@apple.com,2
948,Ben,"xF3)N/e,n""vW""kRb",bwankqb@irs.gov,2
949,Micky,aJ3>DvF6e+,mkinchleaqc@about.me,1
950,Doris,nU9}?1/T$,dyurivtsevqd@princeton.edu,1
951,Evelyn,hH5)CC1I&,emcnallyqe@bigcartel.com,2
952,Rachael,qM2|k_x}1,rgarciqf@fc2.com,2
953,Keriann,lC4`8e!Y''nN#HG{,kreisenqg@lycos.com,2
954,Timmy,fG2.l71yY{q%O,tgamblesqh@loc.gov,2
955,Anet,rJ4{mZd8M,apaulmannqi@dell.com,2
956,Mabelle,"eV1&,\SA\a_d",mmanssuerqj@zimbio.com,2
957,Annecorinne,fP5)nSaZQehYXZzU,ahabbleqk@google.es,2
958,Reine,"iB2""(a5_AjI",rguntonql@google.es,1
959,Nickolai,oF2@u5z9{Dv,nkidwellqm@sciencedaily.com,1
960,Danna,cS6_SI1>On%U,ddalyqn@ovh.net,2
961,Corbin,qW1%<v\$.X,ccarrellqo@google.com.hk,1
962,Donn,"jV4&3\M""mhL",dgalvinqp@europa.eu,2
963,Casar,yC4\*nOHsr@,cmulkerrinsqq@discovery.com,1
964,Cassaundra,"mZ9'x~'#2RlQ""Vp",cgentleqr@squidoo.com,1
965,Vale,wO6~xlVYV*M>x,vwedlockqs@pbs.org,2
966,Adriaens,dV8&=Udm\>6,amaryottqt@nasa.gov,2
967,Orin,fV0<zDys#a,oskepperqu@apache.org,1
968,Stacy,"bG9?ARO,Wd",sgiblingqv@cornell.edu,2
969,Silvanus,eG2*UA~\\c,sstearndaleqw@ask.com,2
970,Donovan,rL3!~cQ~<_X*>1K,dstandishqx@nationalgeographic.com,2
971,Phylys,qS2(EZU&$ISpg,pcutressqy@bloomberg.com,1
972,Bevvy,gQ8)_\j3g,bcaugheyqz@scribd.com,2
973,Timi,vZ1/TFzlG<C21Ih,tauldsr0@sphinn.com,2
974,Constantine,fC0\=16o9,cveltenr1@hc360.com,2
975,Othello,bO8)uRS.rqCC(Zy,omowsonr2@1688.com,1
976,Fairlie,sP1?@M=Sq,fmorenor3@networksolutions.com,2
977,Angelika,kG6.FG!Zt?,alambdinr4@stanford.edu,1
978,Yancy,uD3)XV{eFtTL*,yramsdaler5@ning.com,2
979,Rheba,"jN7,5w|4u?IO",rfreedr6@techcrunch.com,2
980,Granger,aJ9_Y/i{UP55_bF,gstabbinsr7@de.vu,1
981,Cairistiona,"xD4=F.D=/,QUT",csanderr8@ifeng.com,1
982,Hali,oB4(caUE1,hsparwayr9@google.com,2
983,Malina,bH9\px/9f,mdilworthra@hatena.ne.jp,2
984,Enrika,aF1@k~Z>Zi?t+9@\,egrimseyrb@opensource.org,1
985,Conrad,gJ2#TO8YJv,clampettrc@adobe.com,2
986,Bren,"gE0@(fVP6Tus#""1",bdrummondrd@kickstarter.com,2
987,Siffre,iH8&K5EzgcBNVK7c,sblaverre@quantcast.com,2
988,Elwin,sB8`x7G&I$Z\,ehancerf@csmonitor.com,1
989,Ruthann,vN2|B62%d>d0+B,rcarlsenrg@networksolutions.com,2
990,Adrian,"mU2,}b""c,45g",ahumphreyrh@behance.net,1
991,Mahmud,nK9>gk=Se'pQ|b&,mcraftri@clickbank.net,2
992,Alidia,dW5>1CgVq(`pZ8UP,acuppleditchrj@creativecommons.org,1
993,Sybil,tW4$ULR/+tK,sgilbanksrk@wisc.edu,2
994,Adiana,uT4|g$v~*F|d,atongsrl@nbcnews.com,1
995,Dick,aD1/hc(3P~tCb,dnowakowskarm@comsenz.com,1
996,Edvard,jQ4$\nd%7,ewalbrunrn@slate.com,2
997,Sloane,eP2>*.>f'*Ln(_>},sturtlero@booking.com,2
998,Tomas,rN1/el0F#~,torthrp@dot.gov,2
999,Olive,qW1/BVJ.l'\X\P,ocherryrq@wordpress.com,2
1000,Raul,fU2=#(TT4zBz2A%,rseakrr@miibeian.gov.cn,1
